fee70a00-f19a-11e5-a70d-3c4a9275d6c8,ukEAF940,pgp-uk6373338
775d8750-28a2-11e6-a63e-3c4a9275d6c8,ukF1A7A6,pgp-uk6432060
778867e0-28a2-11e6-a63e-3c4a9275d6c8,uk2B4EC7,pgp-uk6432062
ef3a4860-f19a-11e5-a70d-3c4a9275d6c8,uk58B97E,pgp-uk6373247
efc2b240-f19a-11e5-a70d-3c4a9275d6c8,uk5EC8D0,pgp-uk6373248
f073b2c0-f19a-11e5-a70d-3c4a9275d6c8,ukDEA88B,pgp-uk6373252
f0b6af30-f19a-11e5-a70d-3c4a9275d6c8,uk9A677F,pgp-uk6373254
f0fa20d0-f19a-11e5-a70d-3c4a9275d6c8,uk0AD39D,pgp-uk6373255
fec6b0c0-f19a-11e5-a70d-3c4a9275d6c8,uk072667,pgp-uk6373337
efeb6ff0-f19a-11e5-a70d-3c4a9275d6c8,ukB367C8,pgp-uk6373249
f04501a0-f19a-11e5-a70d-3c4a9275d6c8,ukE3831E,pgp-uk6373251
f0901460-f19a-11e5-a70d-3c4a9275d6c8,uk2C1EB9,pgp-uk6373253
f38ba120-f19a-11e5-a70d-3c4a9275d6c8,uk247AEC,pgp-uk6373272
f4d1b5b0-f19a-11e5-a70d-3c4a9275d6c8,uk39054D,pgp-uk6373280
f62d9c30-f19a-11e5-a70d-3c4a9275d6c8,uk5C0AD5,pgp-uk6373288
f78cb700-f19a-11e5-a70d-3c4a9275d6c8,uk401869,pgp-uk6373296
fa225600-f19a-11e5-a70d-3c4a9275d6c8,ukA66537,pgp-uk6373304
fb48d4a0-f19a-11e5-a70d-3c4a9275d6c8,uk64379B,pgp-uk6373312
fc654120-f19a-11e5-a70d-3c4a9275d6c8,uk09D62F,pgp-uk6373320
fd766300-f19a-11e5-a70d-3c4a9275d6c8,uk2FDC52,pgp-uk6373328
fc86f9f0-f19a-11e5-a70d-3c4a9275d6c8,uk655115,pgp-uk6373321
fdb98680-f19a-11e5-a70d-3c4a9275d6c8,uk1E5B60,pgp-uk6373330
f16f02b0-f19a-11e5-a70d-3c4a9275d6c8,uk324659,pgp-uk6373258
f2de7130-f19a-11e5-a70d-3c4a9275d6c8,ukC8A0B0,pgp-uk6373266
f3bbd8e0-f19a-11e5-a70d-3c4a9275d6c8,ukA866BF,pgp-uk6373274
f5268c70-f19a-11e5-a70d-3c4a9275d6c8,uk9148F7,pgp-uk6373282
f6802900-f19a-11e5-a70d-3c4a9275d6c8,uk496F0B,pgp-uk6373290
f80e4310-f19a-11e5-a70d-3c4a9275d6c8,ukDD3C78,pgp-uk6373298
fa6db6e0-f19a-11e5-a70d-3c4a9275d6c8,uk1115FE,pgp-uk6373306
fb7562e0-f19a-11e5-a70d-3c4a9275d6c8,uk6C54D7,pgp-uk6373314
f23c16b0-f19a-11e5-a70d-3c4a9275d6c8,uk5FABB5,pgp-uk6373262
f34a2b50-f19a-11e5-a70d-3c4a9275d6c8,ukFCACC7,pgp-uk6373270
f484a720-f19a-11e5-a70d-3c4a9275d6c8,ukDC29B8,pgp-uk6373278
f71f4f30-f19a-11e5-a70d-3c4a9275d6c8,uk5F1C15,pgp-uk6373294
f9ed3c40-f19a-11e5-a70d-3c4a9275d6c8,uk0D2BB4,pgp-uk6373302
faf70b20-f19a-11e5-a70d-3c4a9275d6c8,ukA41CB7,pgp-uk6373310
fc0e95a0-f19a-11e5-a70d-3c4a9275d6c8,uk0A0D88,pgp-uk6373318
fd37ac50-f19a-11e5-a70d-3c4a9275d6c8,uk0E6FFA,pgp-uk6373326
fe7a1760-f19a-11e5-a70d-3c4a9275d6c8,ukBCED7A,pgp-uk6373335
f26a52a0-f19a-11e5-a70d-3c4a9275d6c8,ukE80D96,pgp-uk6373263
f36e7c30-f19a-11e5-a70d-3c4a9275d6c8,ukE8DC4E,pgp-uk6373271
f4af3990-f19a-11e5-a70d-3c4a9275d6c8,ukAC4950,pgp-uk6373279
f6097260-f19a-11e5-a70d-3c4a9275d6c8,uk689863,pgp-uk6373287
f76cfa00-f19a-11e5-a70d-3c4a9275d6c8,uk79373B,pgp-uk6373295
fa0f1c20-f19a-11e5-a70d-3c4a9275d6c8,ukD653EA,pgp-uk6373303
fca445f0-f19a-11e5-a70d-3c4a9275d6c8,uk1c9883,pgp-uk6373322
fde46710-f19a-11e5-a70d-3c4a9275d6c8,ukAA8E38,pgp-uk6373331
f1b7cb80-f19a-11e5-a70d-3c4a9275d6c8,uk421E54,pgp-uk6373259
f2fef180-f19a-11e5-a70d-3c4a9275d6c8,ukBA4FF7,pgp-uk6373267
f400f830-f19a-11e5-a70d-3c4a9275d6c8,uk87BD26,pgp-uk6373275
f54e38b0-f19a-11e5-a70d-3c4a9275d6c8,uk3CAFB3,pgp-uk6373283
f6c34c80-f19a-11e5-a70d-3c4a9275d6c8,uk14F6AD,pgp-uk6373291
f8449550-f19a-11e5-a70d-3c4a9275d6c8,uk55955c,pgp-uk6373299
fa94c6e0-f19a-11e5-a70d-3c4a9275d6c8,ukF6D075,pgp-uk6373307
fb847e10-f19a-11e5-a70d-3c4a9275d6c8,uk9F08CE,pgp-uk6373315
fcce8a40-f19a-11e5-a70d-3c4a9275d6c8,uk48CE67,pgp-uk6373323
fdfcaa00-f19a-11e5-a70d-3c4a9275d6c8,uk5E5B15,pgp-uk6373332
f1dc1c60-f19a-11e5-a70d-3c4a9275d6c8,ukE7EF69,pgp-uk6373260
f31ed590-f19a-11e5-a70d-3c4a9275d6c8,uk09B2EE,pgp-uk6373268
f43acce0-f19a-11e5-a70d-3c4a9275d6c8,uk39B2EB,pgp-uk6373276
f57c74a0-f19a-11e5-a70d-3c4a9275d6c8,uk393BF2,pgp-uk6373284
f11522e0-f19a-11e5-a70d-3c4a9275d6c8,uk75E7BC,pgp-uk6373256
f2c39630-f19a-11e5-a70d-3c4a9275d6c8,ukB8CD68,pgp-uk6373265
f39f7740-f19a-11e5-a70d-3c4a9275d6c8,ukA2FF31,pgp-uk6373273
f4ff2e50-f19a-11e5-a70d-3c4a9275d6c8,uk4D2EA6,pgp-uk6373281
f6552160-f19a-11e5-a70d-3c4a9275d6c8,ukBAF52F,pgp-uk6373289
f7bb6820-f19a-11e5-a70d-3c4a9275d6c8,ukD768D4,pgp-uk6373297
fa30d4f0-f19a-11e5-a70d-3c4a9275d6c8,uk28996F,pgp-uk6373305
fb613ea0-f19a-11e5-a70d-3c4a9275d6c8,ukC4864A,pgp-uk6373313
fb128260-f19a-11e5-a70d-3c4a9275d6c8,uk2200DC,pgp-uk6373311
fc2b6c70-f19a-11e5-a70d-3c4a9275d6c8,ukDAC808,pgp-uk6373319
fd58a1d0-f19a-11e5-a70d-3c4a9275d6c8,uk58BACF,pgp-uk6373327
fea82c40-f19a-11e5-a70d-3c4a9275d6c8,uk92A44E,pgp-uk6373336
f2907840-f19a-11e5-a70d-3c4a9275d6c8,ukD24C3E,pgp-uk6373264
f6e7eb80-f19a-11e5-a70d-3c4a9275d6c8,uk31EDD4,pgp-uk6373292
f89cc770-f19a-11e5-a70d-3c4a9275d6c8,uk457688,pgp-uk6373300
fab56e40-f19a-11e5-a70d-3c4a9275d6c8,ukE52AAC,pgp-uk6373308
fba350b0-f19a-11e5-a70d-3c4a9275d6c8,uk2ABD6B,pgp-uk6373316
fcfb8db0-f19a-11e5-a70d-3c4a9275d6c8,ukC97BE5,pgp-uk6373324
fe217010-f19a-11e5-a70d-3c4a9275d6c8,ukB5E082,pgp-uk6373333
f2083570-f19a-11e5-a70d-3c4a9275d6c8,uk486E45,pgp-uk6373261
f32df0c0-f19a-11e5-a70d-3c4a9275d6c8,ukE53A44,pgp-uk6373269
f46649b0-f19a-11e5-a70d-3c4a9275d6c8,uk7BD52F,pgp-uk6373277
f59d6a20-f19a-11e5-a70d-3c4a9275d6c8,ukB4A6DF,pgp-uk6373285
f7086bd0-f19a-11e5-a70d-3c4a9275d6c8,uk305BA4,pgp-uk6373293
f8d03380-f19a-11e5-a70d-3c4a9275d6c8,uk37D41A,pgp-uk6373301
fae35c10-f19a-11e5-a70d-3c4a9275d6c8,ukB66F1C,pgp-uk6373309
fbe2f1c0-f19a-11e5-a70d-3c4a9275d6c8,ukAED6EE,pgp-uk6373317
fd1975f0-f19a-11e5-a70d-3c4a9275d6c8,ukAE0694,pgp-uk6373325
fe415420-f19a-11e5-a70d-3c4a9275d6c8,uk63112C,pgp-uk6373334
